<?xml version="1.0" encoding="UTF-8" standalone="yes"?>
<manifest>
  <control namespace="GettingIpAddress" constructor="IpAddressPCF" version="0.0.1" display-name-key="IpAddressPCF" description-key="IpAddressPCF description" control-type="standard" api-version="1.3.11">
    <external-service-usage enabled="false"/>
    <property name="IPAddress" display-name-key="IPAddress" description-key="IPAddress" of-type="SingleLine.Text" usage="output" required="true"/>
    <resources>
      <code path="bundle.js" order="1"/>
    </resources>
    <built-by name="pac" version="1.31.2"/>
  </control>
</manifest>